﻿ID;ID Subcategoria;Produto;Marca
1;Sub#1;Contoso 512MB MP3 Player E51 Silver;Contoso
2;Sub#1;Contoso 512MB MP3 Player E51 Blue;Contoso
3;Sub#1;Contoso 1G MP3 Player E100 White;Contoso
4;Sub#1;Contoso 2G MP3 Player E200 Silver;Contoso
5;Sub#1;Contoso 2G MP3 Player E200 Red;Contoso
6;Sub#1;Contoso 2G MP3 Player E200 Black;Contoso
7;Sub#1;Contoso 2G MP3 Player E200 Blue;Contoso
8;Sub#1;Contoso 4G MP3 Player E400 Silver;Contoso
9;Sub#1;Contoso 4G MP3 Player E400 Black;Contoso
10;Sub#1;Contoso 4G MP3 Player E400 Green;Contoso
11;Sub#1;Contoso 4G MP3 Player E400 Orange;Contoso
12;Sub#1;Contoso 4GB Flash MP3 Player E401 Blue;Contoso
13;Sub#1;Contoso 4GB Flash MP3 Player E401 Black;Contoso
14;Sub#1;Contoso 4GB Flash MP3 Player E401 Silver;Contoso
15;Sub#1;Contoso 4GB Flash MP3 Player E401 White;Contoso
16;Sub#1;Contoso 8GB Super-Slim MP3/Video Player M800 White;Contoso
17;Sub#1;Contoso 8GB Super-Slim MP3/Video Player M800 Red;Contoso
18;Sub#1;Contoso 8GB Super-Slim MP3/Video Player M800 Green;Contoso
19;Sub#1;Contoso 8GB Super-Slim MP3/Video Player M800 Pink;Contoso
20;Sub#1;Contoso 8GB MP3 Player new model M820 Black;Contoso
21;Sub#1;Contoso 8GB MP3 Player new model M820 Blue;Contoso
22;Sub#1;Contoso 8GB MP3 Player new model M820 Yellow;Contoso
23;Sub#1;Contoso 8GB MP3 Player new model M820 White;Contoso
24;Sub#1;Contoso 16GB Mp5 Player M1600 Blue;Contoso
27;Sub#1;Contoso 16GB Mp5 Player M1600 White;Contoso
29;Sub#1;Contoso 32GB Video MP3 Player M3200 White;Contoso
30;Sub#1;Contoso 32GB Video MP3 Player M3200 Red;Contoso
31;Sub#1;Contoso 32GB Video MP3 Player M3200 Orange;Contoso
32;Sub#1;Contoso 32GB Video MP3 Player M3200 Pink;Contoso
33;Sub#1;Contoso 32GB Video MP3 Player M3200 Black;Contoso
34;Sub#1;Contoso 4GB Portable MP3 Player M450 Black;Contoso
35;Sub#1;Contoso 4GB Portable MP3 Player M450 White;Contoso
36;Sub#1;Contoso 4GB Portable MP3 Player M450 Yellow;Contoso
37;Sub#1;Contoso 8GB Clock & Radio MP3 Player X850 Silver;Contoso
38;Sub#1;Contoso 8GB Clock & Radio MP3 Player X850 Black;Contoso
39;Sub#1;Contoso 8GB Clock & Radio MP3 Player X850 Green;Contoso
40;Sub#1;Contoso 8GB Clock & Radio MP3 Player X850 Blue;Contoso
46;Sub#4;WWI 1GB Pulse Smart pen E50 White;Wide World Importers
47;Sub#4;WWI 1GBPulse Smart pen E50 Black;Wide World Importers
48;Sub#4;WWI 1GB Pulse Smart pen E50 Silver;Wide World Importers
49;Sub#4;WWI 2GB Pulse Smart pen M100 White;Wide World Importers
50;Sub#4;WWI 2GB Pulse Smart pen M100 Black;Wide World Importers
51;Sub#4;WWI 2GB Pulse Smart pen M100 Blue;Wide World Importers
52;Sub#4;WWI 2GB Pulse Smart pen M100 Silver;Wide World Importers
53;Sub#4;WWI 4GB Video Recording Pen X200 Black;Wide World Importers
54;Sub#4;WWI 4GB Video Recording Pen X200 Red;Wide World Importers
55;Sub#4;WWI 4GB Video Recording Pen X200 Pink;Wide World Importers
56;Sub#4;WWI 4GB Video Recording Pen X200 Yellow;Wide World Importers
57;Sub#4;WWI 1GB Digital Voice Recorder Pen E100 Black;Wide World Importers
58;Sub#4;WWI 1GB Digital Voice Recorder Pen E100 Red;Wide World Importers
59;Sub#4;WWI 1GB Digital Voice Recorder Pen E100 Pink;Wide World Importers
60;Sub#4;WWI 1GB Digital Voice Recorder Pen E100 White;Wide World Importers
61;Sub#4;WWI 2GB Spy Video Recorder Pen M300 Black;Wide World Importers
62;Sub#4;WWI 2GB Spy Video Recorder Pen M300 White;Wide World Importers
63;Sub#4;WWI 2GB Spy Video Recorder Pen M300 Blue;Wide World Importers
64;Sub#4;WWI 2GB Spy Video Recorder Pen M300 Silver;Wide World Importers
65;Sub#4;WWI 2GB Spy Video Recorder Pen M300 Purple;Wide World Importers
66;Sub#6;NT Bluetooth Stereo Headphones E52 Blue;Northwind Traders
67;Sub#6;NT Bluetooth Stereo Headphones E52 Black;Northwind Traders
68;Sub#6;NT Bluetooth Stereo Headphones E52 Yellow;Northwind Traders
69;Sub#6;NT Bluetooth Stereo Headphones E52 Pink;Northwind Traders
70;Sub#6;NT Wireless Bluetooth Stereo Headphones E102 Silver;Northwind Traders
71;Sub#6;NT Wireless Bluetooth Stereo Headphones E102 Black;Northwind Traders
72;Sub#6;NT Wireless Bluetooth Stereo Headphones E102 Blue;Northwind Traders
73;Sub#6;NT Wireless Bluetooth Stereo Headphones E102 White;Northwind Traders
74;Sub#6;NT Bluetooth Active Headphones E202 Black;Northwind Traders
75;Sub#6;NT Bluetooth Active Headphones E202 White;Northwind Traders
76;Sub#6;NT Bluetooth Active Headphones E202 Red;Northwind Traders
77;Sub#6;NT Bluetooth Active Headphones E202 Silver;Northwind Traders
78;Sub#6;NT Wireless Bluetooth Stereo Headphones E302 Silver;Northwind Traders
79;Sub#6;NT Wireless Bluetooth Stereo Headphones E302 White;Northwind Traders
80;Sub#6;NT Wireless Bluetooth Stereo Headphones E302 Yellow;Northwind Traders
81;Sub#6;NT Wireless Bluetooth Stereo Headphones E302 Black;Northwind Traders
82;Sub#6;NT Wireless Bluetooth Stereo Headphones E302 Pink;Northwind Traders
83;Sub#6;NT Wireless Bluetooth Stereo Headphones M402 Silver;Northwind Traders
84;Sub#6;NT Wireless Bluetooth Stereo Headphones M402 Red;Northwind Traders
85;Sub#6;NT Wireless Bluetooth Stereo Headphones M402 Green;Northwind Traders
86;Sub#6;NT Wireless Bluetooth Stereo Headphones M402 Black;Northwind Traders
87;Sub#6;NT Wireless Bluetooth Stereo Headphones M402 Purple;Northwind Traders
88;Sub#6;NT Wireless Transmitter and Bluetooth Headphones M150 Black;Northwind Traders
89;Sub#6;NT Wireless Transmitter and Bluetooth Headphones M150 Blue;Northwind Traders
90;Sub#6;NT Wireless Transmitter and Bluetooth Headphones M150 Silver;Northwind Traders
91;Sub#6;NT Wireless Transmitter and Bluetooth Headphones M150 Green;Northwind Traders
92;Sub#6;NT Wireless Transmitter and Bluetooth Headphones M150 Red;Northwind Traders
93;Sub#6;WWI Stereo Bluetooth Headphones E1000 Blue;Wide World Importers
94;Sub#6;WWI Stereo Bluetooth Headphones E1000 Black;Wide World Importers
95;Sub#6;WWI Stereo Bluetooth Headphones E1000 Silver;Wide World Importers
96;Sub#6;WWI Stereo Bluetooth Headphones E1000 White;Wide World Importers
97;Sub#6;WWI Stereo Bluetooth Headphones E1000 Green;Wide World Importers
98;Sub#6;WWI Wireless Bluetooth Stereo Headphones M170 Silver;Wide World Importers
99;Sub#6;WWI Wireless Bluetooth Stereo Headphones M170 Black;Wide World Importers
100;Sub#6;WWI Wireless Bluetooth Stereo Headphones M170 White;Wide World Importers
101;Sub#6;WWI Wireless Bluetooth Stereo Headphones M170 Pink;Wide World Importers
102;Sub#6;WWI Wireless Bluetooth Stereo Headphones M270 Silver;Wide World Importers
103;Sub#6;WWI Wireless Bluetooth Stereo Headphones M270 Black;Wide World Importers
104;Sub#6;WWI Wireless Bluetooth Stereo Headphones M270 White;Wide World Importers
105;Sub#6;WWI Wireless Bluetooth Stereo Headphones M270 Pink;Wide World Importers
111;Sub#6;WWI Wireless Transmitter and Bluetooth Headphones X250 Black;Wide World Importers
112;Sub#6;WWI Wireless Transmitter and Bluetooth Headphones X250 Blue;Wide World Importers
113;Sub#6;WWI Wireless Transmitter and Bluetooth Headphones X250 White;Wide World Importers
114;Sub#6;WWI Wireless Transmitter and Bluetooth Headphones X250 Red;Wide World Importers
115;Sub#6;WWI Wireless Transmitter and Bluetooth Headphones X250 Silver;Wide World Importers
116;Sub#9;"Adventure Works 20"" CRT TV E15 Silver";Adventure Works
117;Sub#9;"Adventure Works 20"" CRT TV E15 Black";Adventure Works
118;Sub#9;"Adventure Works 20"" CRT TV E15 White";Adventure Works
119;Sub#9;"Adventure Works 13"" Color TV E25 Silver";Adventure Works
120;Sub#9;"Adventure Works 13"" Color TV E25 Black";Adventure Works
121;Sub#9;"Adventure Works 13"" Color TV E25 White";Adventure Works
122;Sub#9;"Adventure Works 19"" Portable LCD HDTV M110 Silver";Adventure Works
123;Sub#9;"Adventure Works 19"" Portable LCD HDTV M110 Black";Adventure Works
124;Sub#9;"Adventure Works 19"" Portable LCD HDTV M110 White";Adventure Works
125;Sub#9;"Adventure Works 19"" Color Digital TV E35 Silver";Adventure Works
126;Sub#9;"Adventure Works 19"" Color Digital TV E35 Black";Adventure Works
127;Sub#9;"Adventure Works 19"" Color Digital TV E35 White";Adventure Works
128;Sub#9;"Adventure Works 19"" Color Digital TV E35 Brown";Adventure Works
129;Sub#9;"Adventure Works 20"" Analog CRT TV E45 Silver";Adventure Works
130;Sub#9;"Adventure Works 20"" Analog CRT TV E45 Black";Adventure Works
131;Sub#9;"Adventure Works 20"" Analog CRT TV E45 White";Adventure Works
132;Sub#9;"Adventure Works 20"" Analog CRT TV E45 Brown";Adventure Works
133;Sub#9;"Adventure Works 20"" LCD HDTV M120 Silver";Adventure Works
134;Sub#9;"Adventure Works 20"" LCD HDTV M120 Black";Adventure Works
135;Sub#9;"Adventure Works 20"" LCD HDTV M120 White";Adventure Works
136;Sub#9;"Adventure Works 20"" LCD HDTV M120 Brown";Adventure Works
137;Sub#9;"Adventure Works 32"" LCD HDTV M130 Silver";Adventure Works
138;Sub#9;"Adventure Works 32"" LCD HDTV M130 Black";Adventure Works
139;Sub#9;"Adventure Works 32"" LCD HDTV M130 White";Adventure Works
140;Sub#9;"Adventure Works 32"" LCD HDTV M130 Brown";Adventure Works
141;Sub#9;"Adventure Works 15.6"" LCD TV M130W Silver";Adventure Works
142;Sub#9;"Adventure Works 15.6"" LCD TV M130W Black";Adventure Works
143;Sub#9;"Adventure Works 15.6"" LCD TV M130W White";Adventure Works
144;Sub#9;"Adventure Works 15.6"" LCD TV M130W Brown";Adventure Works
149;Sub#9;"Adventure Works 40"" LCD HDTV M690 Silver";Adventure Works
150;Sub#9;"Adventure Works 40"" LCD HDTV M690 Black";Adventure Works
151;Sub#9;"Adventure Works 40"" LCD HDTV M690 White";Adventure Works
152;Sub#9;"Adventure Works 40"" LCD HDTV M690 Brown";Adventure Works
153;Sub#9;"Adventure Works 26"" 720p LCD HDTV M140 Silver";Adventure Works
154;Sub#9;"Adventure Works 26"" 720p LCD HDTV M140 Black";Adventure Works
155;Sub#9;"Adventure Works 26"" 720p LCD HDTV M140 White";Adventure Works
156;Sub#9;"Adventure Works 26"" 720p LCD HDTV M140 Brown";Adventure Works
157;Sub#9;"Adventure Works 37"" 1080p LCD HDTV M150W Silver";Adventure Works
158;Sub#9;"Adventure Works 37"" 1080p LCD HDTV M150W Black";Adventure Works
159;Sub#9;"Adventure Works 37"" 1080p LCD HDTV M150W White";Adventure Works
160;Sub#9;"Adventure Works 37"" 1080p LCD HDTV M150W Brown";Adventure Works
161;Sub#9;"Adventure Works 52"" LCD HDTV X790W Silver";Adventure Works
162;Sub#9;"Adventure Works 52"" LCD HDTV X790W Black";Adventure Works
163;Sub#9;"Adventure Works 52"" LCD HDTV X790W White";Adventure Works
164;Sub#9;"Adventure Works 52"" LCD HDTV X790W Brown";Adventure Works
165;Sub#9;"Adventure Works 42"" LCD HDTV M55 Black";Adventure Works
167;Sub#10;SV 8xDVD E100 Black;Southridge Video
168;Sub#10;SV 16xDVD M310 Black;Southridge Video
169;Sub#10;SV 16xDVD M320 Black;Southridge Video
170;Sub#10;SV 16xDVD M330 Black;Southridge Video
171;Sub#10;SV 16xDVD E340 Black;Southridge Video
172;Sub#10;SV 22xDVD X680 Black;Southridge Video
173;Sub#10;SV 8xDVD E120 Black;Southridge Video
174;Sub#10;SV 22xDVD M600 Black;Southridge Video
176;Sub#10;SV 16xDVD M360 Black;Southridge Video
177;Sub#10;SV 8xDVD E130 Black;Southridge Video
178;Sub#10;SV 8xDVD E140 Black;Southridge Video
180;Sub#10;SV 8xDVD E100 Silver;Southridge Video
181;Sub#10;SV 16xDVD M310 Silver;Southridge Video
182;Sub#10;SV 16xDVD M320 Silver;Southridge Video
183;Sub#10;SV 16xDVD M330 Silver;Southridge Video
184;Sub#10;SV 16xDVD E340 Silver;Southridge Video
185;Sub#10;SV 22xDVD X680 Silver;Southridge Video
186;Sub#10;SV 8xDVD E120 Silver;Southridge Video
187;Sub#10;SV 22xDVD M600 Silver;Southridge Video
189;Sub#10;SV 16xDVD M360 Silver;Southridge Video
190;Sub#10;SV 8xDVD E130 Silver;Southridge Video
191;Sub#10;SV 8xDVD E140 Silver;Southridge Video
192;Sub#11;Litware Home Theater System 4.1 Channel M410 Black;Litware
193;Sub#11;Litware Home Theater System 5.1 Channel M511 Black;Litware
194;Sub#11;Litware Home Theater System 2.1 Channel E210 Black;Litware
195;Sub#11;Litware Home Theater System 5.1 Channel M510 Black;Litware
196;Sub#11;Litware Home Theater System 2.1 Channel E211 Black;Litware
197;Sub#11;Litware Home Theater System 2.1 Channel E212 Black;Litware
199;Sub#11;Litware Home Theater System 4.1 Channel M412 Black;Litware
200;Sub#11;Litware Home Theater System 4.1 Channel M413 Black;Litware
201;Sub#11;Litware Home Theater System 5.1 Channel M512 Black;Litware
202;Sub#11;Litware Home Theater System 5.1 Channel M513 Black;Litware
203;Sub#11;Litware Home Theater System 7.1 Channel M710 Black;Litware
205;Sub#11;Litware Home Theater System 5.1 Channel M514 Black;Litware
206;Sub#11;Litware Home Theater System 5.1 Channel M515 Black;Litware
207;Sub#11;Litware Home Theater System 5.1 Channel M516 Black;Litware
208;Sub#11;Litware Home Theater System 4.1 Channel M410 Silver;Litware
209;Sub#11;Litware Home Theater System 5.1 Channel M511 Silver;Litware
210;Sub#11;Litware Home Theater System 2.1 Channel E210 Silver;Litware
211;Sub#11;Litware Home Theater System 5.1 Channel M510 Silver;Litware
212;Sub#11;Litware Home Theater System 2.1 Channel E211 Silver;Litware
213;Sub#11;Litware Home Theater System 2.1 Channel E212 Silver;Litware
215;Sub#11;Litware Home Theater System 4.1 Channel M412 Silver;Litware
216;Sub#11;Litware Home Theater System 4.1 Channel M413 Silver;Litware
217;Sub#11;Litware Home Theater System 5.1 Channel M512 Silver;Litware
218;Sub#11;Litware Home Theater System 5.1 Channel M513 Silver;Litware
219;Sub#11;Litware Home Theater System 7.1 Channel M710 Silver;Litware
221;Sub#11;Litware Home Theater System 5.1 Channel M514 Silver;Litware
222;Sub#11;Litware Home Theater System 5.1 Channel M515 Silver;Litware
223;Sub#11;Litware Home Theater System 5.1 Channel M516 Silver;Litware
224;Sub#11;Litware Home Theater System 4.1 Channel M410 Brown;Litware
225;Sub#11;Litware Home Theater System 5.1 Channel M511 Brown;Litware
226;Sub#11;Litware Home Theater System 2.1 Channel E210 Brown;Litware
227;Sub#11;Litware Home Theater System 5.1 Channel M510 Brown;Litware
228;Sub#11;Litware Home Theater System 2.1 Channel E211 Brown;Litware
229;Sub#11;Litware Home Theater System 2.1 Channel E212 Brown;Litware
231;Sub#11;Litware Home Theater System 4.1 Channel M412 Brown;Litware
232;Sub#11;Litware Home Theater System 4.1 Channel M413 Brown;Litware
233;Sub#11;Litware Home Theater System 5.1 Channel M512 Brown;Litware
234;Sub#11;Litware Home Theater System 5.1 Channel M513 Brown;Litware
235;Sub#11;Litware Home Theater System 7.1 Channel M710 Brown;Litware
237;Sub#11;Litware Home Theater System 5.1 Channel M514 Brown;Litware
238;Sub#11;Litware Home Theater System 5.1 Channel M515 Brown;Litware
239;Sub#11;Litware Home Theater System 5.1 Channel M516 Brown;Litware
240;Sub#11;Contoso Home Theater System 2.1 Channel E1200 Black;Contoso
241;Sub#11;Contoso Home Theater System 2.1 Channel M1210 Black;Contoso
242;Sub#11;Contoso Home Theater System 7.1 Channel M1700 Black;Contoso
243;Sub#11;Contoso Home Theater System 4.1 Channel M1400 Black;Contoso
244;Sub#11;Contoso Home Theater System 5.1 Channel M1500 Black;Contoso
245;Sub#11;Contoso Home Theater System 5.1 Channel M1510 Black;Contoso
246;Sub#11;Contoso Home Theater System 4.1 Channel M1410 Black;Contoso
247;Sub#11;Contoso Home Theater System 5.1 Channel M1520 Black;Contoso
248;Sub#11;Contoso Home Theater System 5.1 Channel M1530 Black;Contoso
249;Sub#11;Contoso Home Theater System 2.1 Channel E1220 Black;Contoso
250;Sub#11;Contoso Home Theater System 5.1 Channel M1540 Black;Contoso
251;Sub#11;Contoso Home Theater System 4.1 Channel M1420 Black;Contoso
252;Sub#11;Contoso Home Theater System 2.1 Channel M1230 Black;Contoso
253;Sub#11;Contoso Home Theater System 2.1 Channel E1200 Silver;Contoso
254;Sub#11;Contoso Home Theater System 2.1 Channel M1210 Silver;Contoso
255;Sub#11;Contoso Home Theater System 7.1 Channel M1700 Silver;Contoso
256;Sub#11;Contoso Home Theater System 4.1 Channel M1400 Silver;Contoso
257;Sub#11;Contoso Home Theater System 5.1 Channel M1500 Silver;Contoso
258;Sub#11;Contoso Home Theater System 5.1 Channel M1510 Silver;Contoso
259;Sub#11;Contoso Home Theater System 4.1 Channel M1410 Silver;Contoso
260;Sub#11;Contoso Home Theater System 5.1 Channel M1520 Silver;Contoso
261;Sub#11;Contoso Home Theater System 5.1 Channel M1530 Silver;Contoso
262;Sub#11;Contoso Home Theater System 2.1 Channel E1220 Silver;Contoso
263;Sub#11;Contoso Home Theater System 5.1 Channel M1540 Silver;Contoso
264;Sub#11;Contoso Home Theater System 4.1 Channel M1420 Silver;Contoso
265;Sub#11;Contoso Home Theater System 2.1 Channel M1230 Silver;Contoso
266;Sub#11;Contoso Home Theater System 2.1 Channel E1200 White;Contoso
267;Sub#11;Contoso Home Theater System 2.1 Channel M1210 White;Contoso
268;Sub#11;Contoso Home Theater System 7.1 Channel M1700 White;Contoso
269;Sub#11;Contoso Home Theater System 4.1 Channel M1400 White;Contoso
270;Sub#11;Contoso Home Theater System 5.1 Channel M1500 White;Contoso
271;Sub#11;Contoso Home Theater System 5.1 Channel M1510 White;Contoso
272;Sub#11;Contoso Home Theater System 4.1 Channel M1410 White;Contoso
273;Sub#11;Contoso Home Theater System 5.1 Channel M1520 White;Contoso
274;Sub#11;Contoso Home Theater System 5.1 Channel M1530 White;Contoso
275;Sub#11;Contoso Home Theater System 2.1 Channel E1220 White;Contoso
276;Sub#11;Contoso Home Theater System 5.1 Channel M1540 White;Contoso
277;Sub#11;Contoso Home Theater System 4.1 Channel M1420 White;Contoso
278;Sub#11;Contoso Home Theater System 2.1 Channel M1230 White;Contoso
279;Sub#11;Contoso Home Theater System 2.1 Channel E1200 Brown;Contoso
280;Sub#11;Contoso Home Theater System 2.1 Channel M1210 Brown;Contoso
281;Sub#11;Contoso Home Theater System 7.1 Channel M1700 Brown;Contoso
282;Sub#11;Contoso Home Theater System 4.1 Channel M1400 Brown;Contoso
283;Sub#11;Contoso Home Theater System 5.1 Channel M1500 Brown;Contoso
284;Sub#11;Contoso Home Theater System 5.1 Channel M1510 Brown;Contoso
285;Sub#11;Contoso Home Theater System 4.1 Channel M1410 Brown;Contoso
286;Sub#11;Contoso Home Theater System 5.1 Channel M1520 Brown;Contoso
287;Sub#11;Contoso Home Theater System 5.1 Channel M1530 Brown;Contoso
288;Sub#11;Contoso Home Theater System 2.1 Channel E1220 Brown;Contoso
289;Sub#11;Contoso Home Theater System 5.1 Channel M1540 Brown;Contoso
290;Sub#11;Contoso Home Theater System 4.1 Channel M1420 Brown;Contoso
291;Sub#11;Contoso Home Theater System 2.1 Channel M1230 Brown;Contoso
292;Sub#13;SV Car Video LCD7W M7080 Black;Southridge Video
293;Sub#13;SV Car Video LCD7W M7081 Black;Southridge Video
294;Sub#13;SV Car Video TFT7 M7000 Black;Southridge Video
295;Sub#13;SV Car Video TFT6.2W E6280 Black;Southridge Video
296;Sub#13;SV Car Video TFT6.2W E6281 Black;Southridge Video
297;Sub#13;SV Car Video TFT6.2W E6282 Black;Southridge Video
298;Sub#13;SV Car Video TFT7 M7001 Black;Southridge Video
299;Sub#13;SV Car Video AM/FM E1000 Black;Southridge Video
300;Sub#13;SV Car Video AM/FM E1001 Black;Southridge Video
301;Sub#13;SV Car Video TFT7 M7002 Black;Southridge Video
303;Sub#13;SV Car Video LCD9.2W X9281 Black;Southridge Video
304;Sub#13;SV Car Video LCD7W M7082 Black;Southridge Video
305;Sub#13;SV Car Video LCD7 M7001 Black;Southridge Video
306;Sub#13;SV Car Video LCD7 M7002 Black;Southridge Video
307;Sub#13;SV Car Video LCD7 M7003 Black;Southridge Video
308;Sub#13;SV Car Video LCD7W M7080 Silver;Southridge Video
309;Sub#13;SV Car Video LCD7W M7081 Silver;Southridge Video
310;Sub#13;SV Car Video TFT7 M7000 Silver;Southridge Video
311;Sub#13;SV Car Video TFT6.2W E6280 Silver;Southridge Video
312;Sub#13;SV Car Video TFT6.2W E6281 Silver;Southridge Video
313;Sub#13;SV Car Video TFT6.2W E6282 Silver;Southridge Video
314;Sub#13;SV Car Video TFT7 M7001 Silver;Southridge Video
315;Sub#13;SV Car Video AM/FM E1000 Silver;Southridge Video
316;Sub#13;SV Car Video AM/FM E1001 Silver;Southridge Video
317;Sub#13;SV Car Video TFT7 M7002 Silver;Southridge Video
319;Sub#13;SV Car Video LCD9.2W X9281 Silver;Southridge Video
320;Sub#13;SV Car Video LCD7W M7082 Silver;Southridge Video
321;Sub#13;SV Car Video LCD7 M7001 Silver;Southridge Video
322;Sub#13;SV Car Video LCD7 M7002 Silver;Southridge Video
323;Sub#13;SV Car Video LCD7 M7003 Silver;Southridge Video
324;Sub#13;SV Car Video LCD7W M7080 Brown;Southridge Video
325;Sub#13;SV Car Video LCD7W M7081 Brown;Southridge Video
326;Sub#13;SV Car Video TFT7 M7000 Brown;Southridge Video
327;Sub#13;SV Car Video TFT6.2W E6280 Brown;Southridge Video
328;Sub#13;SV Car Video TFT6.2W E6281 Brown;Southridge Video
329;Sub#13;SV Car Video TFT6.2W E6282 Brown;Southridge Video
330;Sub#13;SV Car Video TFT7 M7001 Brown;Southridge Video
331;Sub#13;SV Car Video AM/FM E1000 Brown;Southridge Video
332;Sub#13;SV Car Video AM/FM E1001 Brown;Southridge Video
333;Sub#13;SV Car Video TFT7 M7002 Brown;Southridge Video
335;Sub#13;SV Car Video LCD9.2W X9281 Brown;Southridge Video
336;Sub#13;SV Car Video LCD7W M7082 Brown;Southridge Video
337;Sub#13;SV Car Video LCD7 M7001 Brown;Southridge Video
338;Sub#15;Fabrikam Laptop19W M9800 Black;Fabrikam
339;Sub#15;Fabrikam Laptop17W M7080 Black;Fabrikam
340;Sub#15;Fabrikam Laptop17 M7000 Black;Fabrikam
341;Sub#15;Fabrikam Laptop16W M6080 Black;Fabrikam
342;Sub#15;Fabrikam Laptop16 M6000 Black;Fabrikam
343;Sub#15;Fabrikam Laptop19 M9000 Black;Fabrikam
344;Sub#15;Fabrikam Laptop12 M2000 White;Fabrikam
345;Sub#15;Fabrikam Laptop15 M5000 White;Fabrikam
346;Sub#15;Fabrikam Laptop15.4 M5400 White;Fabrikam
347;Sub#15;Fabrikam Laptop14.1 M4100 White;Fabrikam
348;Sub#15;Fabrikam Laptop15.4W M5480 White;Fabrikam
349;Sub#15;Fabrikam Laptop10.1 M0100 White;Fabrikam
350;Sub#15;Fabrikam Laptop12W M2080 Silver;Fabrikam
351;Sub#15;Fabrikam Laptop8.9W E0880 Silver;Fabrikam
352;Sub#15;Fabrikam Laptop8.9 E0800 Silver;Fabrikam
353;Sub#15;Fabrikam Laptop10.1 M0101 Silver;Fabrikam
354;Sub#15;Fabrikam Laptop12 M2001 Silver;Fabrikam
355;Sub#15;Fabrikam Laptop8.9 M0801 Silver;Fabrikam
356;Sub#15;Fabrikam Laptop14.1W M4180 Red;Fabrikam
357;Sub#15;Fabrikam Laptop14.1 E4101 Red;Fabrikam
358;Sub#15;Fabrikam Laptop8.9 E8002 Red;Fabrikam
359;Sub#15;Fabrikam Laptop12 M2002 Red;Fabrikam
360;Sub#15;Fabrikam Laptop13.3 M3000 Red;Fabrikam
361;Sub#15;Fabrikam Laptop13.3W M3080 Red;Fabrikam
362;Sub#15;Adventure Works Laptop19 X1900 Black;Adventure Works
363;Sub#15;Adventure Works Laptop15 M1500 Black;Adventure Works
364;Sub#15;Adventure Works Laptop12 M1200 Black;Adventure Works
365;Sub#15;Adventure Works Laptop16 M1600 Black;Adventure Works
366;Sub#15;Adventure Works Laptop15.4W M1548 Black;Adventure Works
367;Sub#15;Adventure Works Laptop8.9 E0890 Black;Adventure Works
368;Sub#15;Adventure Works Laptop19W X1980 White;Adventure Works
369;Sub#15;Adventure Works Laptop15 M1501 White;Adventure Works
370;Sub#15;Adventure Works Laptop12 M1201 White;Adventure Works
371;Sub#15;Adventure Works Laptop16 M1601 White;Adventure Works
372;Sub#15;Adventure Works Laptop15.4W M1548 White;Adventure Works
373;Sub#15;Adventure Works Laptop8.9 E0890 White;Adventure Works
374;Sub#15;Adventure Works Laptop19W X1980 Silver;Adventure Works
375;Sub#15;Adventure Works Laptop15 M1501 Silver;Adventure Works
376;Sub#15;Adventure Works Laptop12 M1201 Silver;Adventure Works
377;Sub#15;Adventure Works Laptop16 M1601 Silver;Adventure Works
378;Sub#15;Adventure Works Laptop15.4W M1548 Silver;Adventure Works
379;Sub#15;Adventure Works Laptop8.9 E0890 Silver;Adventure Works
380;Sub#15;Adventure Works Laptop19W X1980 Red;Adventure Works
381;Sub#15;Adventure Works Laptop15 M1501 Red;Adventure Works
382;Sub#15;Adventure Works Laptop12 M1201 Red;Adventure Works
383;Sub#15;Adventure Works Laptop16 M1601 Red;Adventure Works
384;Sub#15;Adventure Works Laptop15.4W M1548 Red;Adventure Works
385;Sub#15;Adventure Works Laptop8.9 E0890 Red;Adventure Works
386;Sub#15;Adventure Works Laptop19W X1980 Blue;Adventure Works
387;Sub#15;Adventure Works Laptop15 M1501 Blue;Adventure Works
388;Sub#15;Adventure Works Laptop12 M1201 Blue;Adventure Works
389;Sub#15;Adventure Works Laptop16 M1601 Blue;Adventure Works
390;Sub#15;WWI Laptop19W X0196 Black;Wide World Importers
391;Sub#15;WWI Laptop15 M0150 Black;Wide World Importers
392;Sub#15;WWI Laptop12 M0120 Black;Wide World Importers
393;Sub#15;WWI Laptop16 M0160 Black;Wide World Importers
394;Sub#15;WWI Laptop15.4W M0156 Black;Wide World Importers
395;Sub#15;WWI Laptop8.9 E0089 Black;Wide World Importers
396;Sub#15;WWI Laptop19W X0196 White;Wide World Importers
397;Sub#15;WWI Laptop15 M0150 White;Wide World Importers
398;Sub#15;WWI Laptop12 M0120 White;Wide World Importers
399;Sub#15;WWI Laptop16 M0160 White;Wide World Importers
400;Sub#15;WWI Laptop15.4W M0156 White;Wide World Importers
401;Sub#15;WWI Laptop8.9 E0089 White;Wide World Importers
402;Sub#15;WWI Laptop19W X0196 Blue;Wide World Importers
403;Sub#15;WWI Laptop15 M0150 Blue;Wide World Importers
404;Sub#15;Proseware Laptop19 X910 Black;Proseware
405;Sub#15;Proseware Laptop15 M510 Black;Proseware
406;Sub#15;Proseware Laptop12 M210 Black;Proseware
407;Sub#15;Proseware Laptop16 M610 Black;Proseware
408;Sub#15;Proseware Laptop15.4W M518 Black;Proseware
409;Sub#15;Proseware Laptop8.9 E089 Black;Proseware
410;Sub#15;Proseware Laptop19W X910 White;Proseware
411;Sub#15;Proseware Laptop15 M510 White;Proseware
412;Sub#15;Proseware Laptop12 M210 White;Proseware
413;Sub#15;Proseware Laptop16 M610 White;Proseware
414;Sub#15;Proseware Laptop15.4W M518 White;Proseware
415;Sub#15;Proseware Laptop8.9 E089 White;Proseware
416;Sub#17;Adventure Works Desktop PC2.33 XD233 Silver;Adventure Works
417;Sub#17;Adventure Works Desktop PC2.30 MD230 Silver;Adventure Works
418;Sub#17;Adventure Works Desktop PC1.60 ED160 Silver;Adventure Works
419;Sub#17;Adventure Works Desktop PC1.80 ED180 Silver;Adventure Works
420;Sub#17;Adventure Works Desktop PC1.80 ED182 Silver;Adventure Works
421;Sub#17;Adventure Works Desktop PC3.0 MS300 Silver;Adventure Works
422;Sub#17;Adventure Works Desktop PC2.33 XD233 Black;Adventure Works
423;Sub#17;Adventure Works Desktop PC2.30 MD230 Black;Adventure Works
424;Sub#17;Adventure Works Desktop PC1.60 ED160 Black;Adventure Works
425;Sub#17;Adventure Works Desktop PC1.80 ED180 Black;Adventure Works
426;Sub#17;Adventure Works Desktop PC1.80 ED182 Black;Adventure Works
427;Sub#17;Adventure Works Desktop PC3.0 MS300 Black;Adventure Works
428;Sub#17;Adventure Works Desktop PC2.33 XD233 Brown;Adventure Works
429;Sub#17;Adventure Works Desktop PC2.30 MD230 Brown;Adventure Works
430;Sub#17;Adventure Works Desktop PC1.60 ED160 Brown;Adventure Works
431;Sub#17;Adventure Works Desktop PC1.80 ED180 Brown;Adventure Works
432;Sub#17;Adventure Works Desktop PC1.80 ED182 Brown;Adventure Works
433;Sub#17;Adventure Works Desktop PC2.33 XD233 White;Adventure Works
434;Sub#17;Adventure Works Desktop PC2.30 MD230 White;Adventure Works
435;Sub#17;Adventure Works Desktop PC1.60 ED160 White;Adventure Works
436;Sub#17;Adventure Works Desktop PC1.80 ED180 White;Adventure Works
437;Sub#17;Adventure Works Desktop PC1.80 ED182 White;Adventure Works
438;Sub#17;WWI Desktop PC2.33 X2330 Silver;Wide World Importers
439;Sub#17;WWI Desktop PC2.30 M2300 Brown;Wide World Importers
440;Sub#17;WWI Desktop PC1.60 E1600 Silver;Wide World Importers
441;Sub#17;WWI Desktop PC1.80 E1800 Brown;Wide World Importers
442;Sub#17;WWI Desktop PC1.80 E1801 Silver;Wide World Importers
443;Sub#17;WWI Desktop PC3.0 M0300 Silver;Wide World Importers
445;Sub#17;WWI Desktop PC2.30 M2300 Black;Wide World Importers
446;Sub#17;WWI Desktop PC1.60 E1600 Black;Wide World Importers
447;Sub#17;WWI Desktop PC1.80 E1800 Black;Wide World Importers
448;Sub#17;WWI Desktop PC1.80 E1801 Black;Wide World Importers
449;Sub#17;WWI Desktop PC3.0 M0300 Black;Wide World Importers
450;Sub#17;WWI Desktop PC2.33 X2330 Brown;Wide World Importers
451;Sub#17;WWI Desktop PC2.30 M2300 Silver;Wide World Importers
452;Sub#17;WWI Desktop PC1.60 E1600 Red;Wide World Importers
453;Sub#17;WWI Desktop PC1.80 E1800 Silver;Wide World Importers
454;Sub#17;WWI Desktop PC1.80 E1801 Brown;Wide World Importers
455;Sub#17;WWI Desktop PC2.33 X2330 White;Wide World Importers
456;Sub#17;WWI Desktop PC2.30 M2300 White;Wide World Importers
457;Sub#17;WWI Desktop PC1.60 E1600 White;Wide World Importers
458;Sub#17;WWI Desktop PC1.80 E1800 White;Wide World Importers
459;Sub#17;WWI Desktop PC1.80 E1801 White;Wide World Importers
460;Sub#17;WWI Desktop PC1.80 E1802 White;Wide World Importers
462;Sub#18;Proseware LCD24W X300 Black;Proseware
463;Sub#18;Proseware LCD22 M2000 Black;Proseware
464;Sub#18;Proseware LCD22W M2001 Black;Proseware
465;Sub#18;Proseware LCD20 M200 Black;Proseware
466;Sub#18;Proseware LCD20W M230 Black;Proseware
467;Sub#18;Proseware LCD19 E1000 Black;Proseware
468;Sub#18;Proseware LCD19W M100 Black;Proseware
469;Sub#18;Proseware LCD17 E200 Black;Proseware
470;Sub#18;Proseware LCD17W E202 Black;Proseware
471;Sub#18;Proseware LCD15 E103 Black;Proseware
472;Sub#18;Proseware CRT19 E201 Black;Proseware
473;Sub#18;Proseware CRT17 E104 Black;Proseware
474;Sub#18;Proseware CRT15 E10 Black;Proseware
476;Sub#18;Proseware LCD24W X300 White;Proseware
477;Sub#18;Proseware LCD22 M2000 White;Proseware
478;Sub#18;Proseware LCD22W M2001 White;Proseware
479;Sub#18;Proseware LCD20 M200 White;Proseware
480;Sub#18;Proseware LCD20W M230 White;Proseware
481;Sub#18;Proseware LCD19 E1000 White;Proseware
482;Sub#18;Proseware LCD19W M100 White;Proseware
483;Sub#18;Proseware LCD17 E200 White;Proseware
484;Sub#18;Proseware LCD17W E202 White;Proseware
485;Sub#18;Proseware LCD15 E103 White;Proseware
486;Sub#18;Proseware CRT19 E201 White;Proseware
487;Sub#18;Proseware CRT17 E104 White;Proseware
488;Sub#18;Proseware CRT15 E10 White;Proseware
490;Sub#18;Adventure Works LCD24W X300 Black;Adventure Works
491;Sub#18;Adventure Works LCD22 M200 Black;Adventure Works
492;Sub#18;Adventure Works LCD22W M200 Black;Adventure Works
493;Sub#18;Adventure Works LCD20 M210 Black;Adventure Works
494;Sub#18;Adventure Works LCD20W M240 Black;Adventure Works
495;Sub#18;Adventure Works LCD19 E108 Black;Adventure Works
496;Sub#18;Adventure Works LCD19W M100 Black;Adventure Works
497;Sub#18;Adventure Works LCD17 E200 Black;Adventure Works
498;Sub#18;Adventure Works LCD17W E203 Black;Adventure Works
499;Sub#18;Adventure Works LCD15 E100 Black;Adventure Works
500;Sub#18;Adventure Works CRT19 E10 Black;Adventure Works
501;Sub#18;Adventure Works CRT17 E105 Black;Adventure Works
502;Sub#18;Adventure Works CRT15 E101 Black;Adventure Works
504;Sub#18;Adventure Works LCD24W X300 White;Adventure Works
505;Sub#18;Adventure Works LCD22 M200 White;Adventure Works
506;Sub#18;Adventure Works LCD22W M200 White;Adventure Works
507;Sub#18;Adventure Works LCD20 M210 White;Adventure Works
508;Sub#18;Adventure Works LCD20W M240 White;Adventure Works
509;Sub#18;Adventure Works LCD19 E108 White;Adventure Works
510;Sub#18;Adventure Works LCD19W M100 White;Adventure Works
511;Sub#18;Adventure Works LCD17 E200 White;Adventure Works
512;Sub#18;Adventure Works LCD17W E203 White;Adventure Works
513;Sub#18;Adventure Works LCD15 E100 White;Adventure Works
514;Sub#18;Adventure Works CRT19 E10 White;Adventure Works
515;Sub#18;Adventure Works CRT17 E105 White;Adventure Works
516;Sub#18;Adventure Works CRT15 E101 White;Adventure Works
517;Sub#18;WWI LCD24 X300 Black;Wide World Importers
518;Sub#18;WWI LCD24W X300 Black;Wide World Importers
519;Sub#18;WWI LCD22 M2002 Black;Wide World Importers
520;Sub#18;WWI LCD22W M2003 Black;Wide World Importers
521;Sub#18;WWI LCD20 M220 Black;Wide World Importers
522;Sub#18;WWI LCD20W M250 Black;Wide World Importers
523;Sub#18;WWI LCD19 E107 Black;Wide World Importers
524;Sub#18;WWI LCD19W M100 Black;Wide World Importers
525;Sub#18;WWI LCD17 E200 Black;Wide World Importers
526;Sub#18;WWI LCD17W E200 Black;Wide World Importers
527;Sub#18;WWI CRT17 E106 Black;Wide World Importers
528;Sub#18;WWI LCD24 X300 White;Wide World Importers
529;Sub#18;WWI LCD24W X300 White;Wide World Importers
530;Sub#18;WWI LCD22 M2002 White;Wide World Importers
531;Sub#18;WWI LCD22W M2003 White;Wide World Importers
532;Sub#18;WWI LCD20 M220 White;Wide World Importers
533;Sub#18;WWI LCD20W M250 White;Wide World Importers
534;Sub#18;WWI LCD19 E107 White;Wide World Importers
535;Sub#18;WWI LCD19W M100 White;Wide World Importers
536;Sub#18;WWI LCD17 E205 White;Wide World Importers
537;Sub#18;WWI LCD17W E200 White;Wide World Importers
538;Sub#18;WWI CRT17 E106 White;Wide World Importers
539;Sub#19;Proseware Projector 1080p LCD86 Black;Proseware
540;Sub#19;Proseware Projector 1080p DLP86 Black;Proseware
541;Sub#19;Proseware Projector 720p LCD56 Black;Proseware
542;Sub#19;Proseware Projector 720p DLP56 Black;Proseware
543;Sub#19;Proseware Projector 480p LCD12 Black;Proseware
544;Sub#19;Proseware Projector 480p DLP12 Black;Proseware
546;Sub#19;Proseware Screen 113in X1609 Black;Proseware
547;Sub#19;Proseware Screen 106in M1609 Black;Proseware
548;Sub#19;Proseware Screen 100in M1609 Black;Proseware
549;Sub#19;Proseware Screen 85in E1010 Black;Proseware
550;Sub#19;Proseware Screen 80in E1010 Black;Proseware
551;Sub#19;Proseware Projector 1080p LCD86 White;Proseware
552;Sub#19;Proseware Projector 1080p DLP86 White;Proseware
553;Sub#19;Proseware Projector 720p LCD56 White;Proseware
554;Sub#19;Proseware Projector 720p DLP56 White;Proseware
555;Sub#19;Proseware Projector 480p LCD12 White;Proseware
556;Sub#19;Proseware Projector 480p DLP12 White;Proseware
558;Sub#19;Proseware Screen 113in X1609 White;Proseware
559;Sub#19;Proseware Screen 106in M1609 White;Proseware
560;Sub#19;Proseware Screen 100in M1609 White;Proseware
561;Sub#19;Proseware Screen 85in E1010 White;Proseware
562;Sub#19;Proseware Screen 80in E1010 White;Proseware
563;Sub#19;Proseware Projector 1080p LCD86 Silver;Proseware
564;Sub#19;Proseware Projector 1080p DLP86 Silver;Proseware
565;Sub#19;Proseware Projector 720p LCD56 Silver;Proseware
566;Sub#19;Proseware Projector 720p DLP56 Silver;Proseware
567;Sub#19;Proseware Projector 480p LCD12 Silver;Proseware
568;Sub#19;Proseware Projector 480p DLP12 Silver;Proseware
570;Sub#19;Proseware Screen 113in X1609 Silver;Proseware
571;Sub#19;Proseware Screen 106in M1609 Silver;Proseware
572;Sub#19;Proseware Screen 100in M1609 Silver;Proseware
573;Sub#19;Proseware Screen 85in E1010 Silver;Proseware
574;Sub#19;Proseware Screen 80in E1010 Silver;Proseware
575;Sub#19;Contoso Projector 1080p X980 Black;Contoso
576;Sub#19;Contoso Projector 1080p X981 Black;Contoso
577;Sub#19;Contoso Projector 720p M620 Black;Contoso
578;Sub#19;Contoso Projector 720p M621 Black;Contoso
579;Sub#19;Contoso Projector 480p M480 Black;Contoso
580;Sub#19;Contoso Projector 480p M481 Black;Contoso
581;Sub#19;Contoso Screen 125in M250 Black;Contoso
582;Sub#19;Contoso Screen 113in M251 Black;Contoso
583;Sub#19;Contoso Screen 106in M060 Black;Contoso
584;Sub#19;Contoso Screen 100in E010 Black;Contoso
585;Sub#19;Contoso Screen 85in E085 Black;Contoso
586;Sub#19;Contoso Screen 80in E080 Black;Contoso
587;Sub#19;Contoso Projector 1080p X980 White;Contoso
589;Sub#19;Contoso Projector 720p M620 White;Contoso
590;Sub#19;Contoso Projector 720p M621 White;Contoso
591;Sub#19;Contoso Projector 480p M480 White;Contoso
592;Sub#19;Contoso Projector 480p M481 White;Contoso
593;Sub#19;Contoso Screen 125in M250 White;Contoso
594;Sub#19;Contoso Screen 113in M251 White;Contoso
595;Sub#19;Contoso Screen 106in M060 White;Contoso
596;Sub#19;Contoso Screen 100in E010 White;Contoso
597;Sub#19;Contoso Screen 85in E085 White;Contoso
598;Sub#19;Contoso Screen 80in E080 White;Contoso
599;Sub#19;Contoso Projector 1080p X980 Silver;Contoso
601;Sub#19;Contoso Projector 720p M620 Silver;Contoso
602;Sub#19;Contoso Projector 720p M621 Silver;Contoso
603;Sub#19;Contoso Projector 480p M480 Silver;Contoso
604;Sub#19;Contoso Projector 480p M481 Silver;Contoso
605;Sub#19;Contoso Screen 125in M250 Silver;Contoso
606;Sub#19;Contoso Screen 113in M251 Silver;Contoso
607;Sub#19;Contoso Screen 106in M060 Silver;Contoso
608;Sub#19;Contoso Screen 100in E010 Silver;Contoso
609;Sub#19;Contoso Screen 85in E085 Silver;Contoso
610;Sub#19;Contoso Screen 80in E080 Silver;Contoso
611;Sub#19;WWI Projector 1080p LCD86 Black;Wide World Importers
612;Sub#19;WWI Projector 1080p DLP86 Black;Wide World Importers
613;Sub#19;WWI Projector 720p LCD56 Black;Wide World Importers
614;Sub#19;WWI Projector 720p DLP56 Black;Wide World Importers
615;Sub#19;WWI Projector 480p LCD12 Black;Wide World Importers
616;Sub#19;WWI Projector 480p DLP12 Black;Wide World Importers
618;Sub#19;WWI Screen 113in M1610 Black;Wide World Importers
619;Sub#19;WWI Screen 106in M1609 Black;Wide World Importers
620;Sub#19;WWI Screen 100in M1609 Black;Wide World Importers
621;Sub#19;WWI Screen 85in E1010 Black;Wide World Importers
622;Sub#19;WWI Projector 1080p LCD86 White;Wide World Importers
623;Sub#19;WWI Projector 1080p DLP86 White;Wide World Importers
624;Sub#19;WWI Projector 720p LCD56 White;Wide World Importers
625;Sub#19;WWI Projector 720p DLP56 White;Wide World Importers
626;Sub#19;WWI Projector 480p LCD12 White;Wide World Importers
627;Sub#19;WWI Projector 480p DLP12 White;Wide World Importers
629;Sub#19;WWI Screen 113in M1610 White;Wide World Importers
630;Sub#19;WWI Screen 106in M1609 White;Wide World Importers
631;Sub#19;WWI Screen 100in M1609 White;Wide World Importers
632;Sub#19;WWI Screen 85in E1010 White;Wide World Importers
633;Sub#19;WWI Projector 1080p LCD86 Silver;Wide World Importers
634;Sub#19;WWI Projector 1080p DLP86 Silver;Wide World Importers
635;Sub#19;WWI Projector 720p LCD56 Silver;Wide World Importers
636;Sub#19;WWI Projector 720p DLP56 Silver;Wide World Importers
637;Sub#19;WWI Projector 480p LCD12 Silver;Wide World Importers
638;Sub#19;WWI Projector 480p DLP12 Silver;Wide World Importers
640;Sub#19;WWI Screen 113in M1610 Silver;Wide World Importers
641;Sub#19;WWI Screen 106in M1609 Silver;Wide World Importers
642;Sub#20;Proseware Photo Ink Jet Printer M100 Black;Proseware
643;Sub#20;Proseware Ink Jet All in one M300 Black;Proseware
644;Sub#20;Proseware Laser Jet Printer E100 Black;Proseware
645;Sub#20;Proseware Laser Jet Color Printer X300 Black;Proseware
646;Sub#20;Proseware Laser Jet All in one X300 Black;Proseware
647;Sub#20;Proseware Fax phone E100 Black;Proseware
648;Sub#20;Proseware Fax Machine E100 Black;Proseware
649;Sub#20;Proseware Laser Fax Printer E100 Black;Proseware
650;Sub#20;Proseware Ink Jet Fax Machine E100 Black;Proseware
651;Sub#20;Proseware Mobile Receipt and Document Scanner M200 Black;Proseware
652;Sub#20;Proseware Scan Jet Digital Flat Bed Scanner M300 Black;Proseware
653;Sub#20;Proseware All-In-One Photo Printer M200 Black;Proseware
654;Sub#20;Proseware Ink Jet Wireless All-In-One Printer M400 Black;Proseware
655;Sub#20;Proseware Ink Jet Instant PDF Sheet-Fed Scanner M300 Black;Proseware
656;Sub#20;Proseware Desk Jet All-in-One Printer, Scanner, Copier M350 Black;Proseware
657;Sub#20;Proseware Duplex Scanner M200 Black;Proseware
658;Sub#20;Proseware High Speed Laser M2000 Black;Proseware
659;Sub#20;Proseware Laser Fax Printer M250 Black;Proseware
660;Sub#20;Proseware Color Ink Jet Fax, Copier, Phone M250 Black;Proseware
661;Sub#20;Proseware Color Inkjet Fax with 5.8 GHz Cordless Handset X250 Black;Proseware
662;Sub#20;Proseware Slim-Design Fax Machine with Answering System X180 Black;Proseware
663;Sub#20;Proseware High-Performance Business-Class Laser Fax X200 Black;Proseware
664;Sub#20;Proseware Professional Quality Plain-Paper Fax and Copier X100 Black;Proseware
665;Sub#20;Proseware Photo Inkjet Printer E290 Black;Proseware
666;Sub#20;Proseware Office Jet All-in-One Printer M500 Black;Proseware
667;Sub#20;Proseware Office Jet Wireless All-in-One Inkjet Printer M600 Black;Proseware
668;Sub#20;Proseware Photo smart All-in-One Printer M380 Black;Proseware
669;Sub#20;Proseware Wireless Photo All-in-One Printer M390 Black;Proseware
670;Sub#20;Proseware 23ppm Laser Printer with Wireless and Wired Network Interfaces M680 Black;Proseware
671;Sub#20;Proseware Photo Inkjet Printer M100 Grey;Proseware
672;Sub#20;Proseware Ink Jet All in one M300 Grey;Proseware
673;Sub#20;Proseware Laser Jet Printer E100 Grey;Proseware
674;Sub#20;Proseware Laser Jet Color Printer X300 Grey;Proseware
675;Sub#20;Proseware Laser Jet All in one X300 Grey;Proseware
676;Sub#20;Proseware Fax phone E100 Grey;Proseware
677;Sub#20;Proseware Fax Machine E100 Grey;Proseware
678;Sub#20;Proseware Laser Fax Printer E100 Grey;Proseware
679;Sub#20;Proseware Ink Jet Fax Machine E100 Grey;Proseware
680;Sub#20;Proseware Mobile Receipt and Document Scanner M200 Grey;Proseware
681;Sub#20;Proseware Scan Jet Digital Flat Bed Scanner M300 Grey;Proseware
682;Sub#20;Proseware All-In-One Photo Printer M200 Grey;Proseware
683;Sub#20;Proseware Ink Jet Wireless All-In-One Printer M400 Grey;Proseware
684;Sub#20;Proseware Ink Jet Instant PDF Sheet-Fed Scanner M300 Grey;Proseware
685;Sub#20;Proseware Desk Jet All-in-One Printer, Scanner, Copier M350 Grey;Proseware
686;Sub#20;Proseware Duplex Scanner M200 Grey;Proseware
687;Sub#20;Proseware High Speed Laser Fax M2000 Grey;Proseware
688;Sub#20;Proseware Laser Fax Printer M250 Grey;Proseware
689;Sub#20;Proseware Color Ink Jet Fax, Copier, Phone M250 Grey;Proseware
690;Sub#20;Proseware Color Ink Jet Fax with 5.8 GHz Cordless Handset X250 Grey;Proseware
691;Sub#20;Proseware Slim-Design Fax Machine with Answering System X180 Grey;Proseware
692;Sub#20;Proseware High-Performance Business-Class Laser Fax X200 Grey;Proseware
693;Sub#20;Proseware Professional Quality Plain-Paper Fax and Copier X100 Grey;Proseware
694;Sub#20;Proseware Photo Ink Jet Printer E290 Grey;Proseware
695;Sub#20;Proseware Office Jet All-in-One Printer M500 Grey;Proseware
696;Sub#20;Proseware Office Jet Wireless All-in-One Inkjet Printer M600 Grey;Proseware
697;Sub#20;Proseware Photo Smart All-in-One Printer M380 Grey;Proseware
698;Sub#20;Proseware Wireless Photo All-in-One Printer M390 Grey;Proseware
699;Sub#20;Proseware 23ppm Laser Printer with Wireless and Wired Network Interfaces M680 Grey;Proseware
